tarih,kanal,kampanya,harcama,tiklama
2026-03-01,google,google-alisveris,956.46,152
2026-03-01,google,google-arama-generik,1187.03,169
2026-03-01,google,google-arama-marka,737.16,124
2026-03-01,instagram,instagram-kesfet,863.35,177
2026-03-01,instagram,instagram-retargeting,631.77,132
2026-03-02,google,google-alisveris,539.92,88
2026-03-02,google,google-arama-generik,785.37,124
2026-03-02,google,google-arama-marka,472.11,68
2026-03-02,instagram,instagram-kesfet,1432.94,354
2026-03-02,instagram,instagram-retargeting,1059.59,230
2026-03-03,google,google-alisveris,620.54,84
2026-03-03,google,google-arama-generik,879.49,119
2026-03-03,google,google-arama-marka,603.51,89
2026-03-03,instagram,instagram-kesfet,1132.38,241
2026-03-03,instagram,instagram-retargeting,845.27,176
2026-03-04,google,google-alisveris,656.68,97
2026-03-04,google,google-arama-generik,850.26,113
2026-03-04,google,google-arama-marka,541.21,77
2026-03-04,instagram,instagram-kesfet,1276.78,314
2026-03-04,instagram,instagram-retargeting,1015.81,214
2026-03-05,google,google-alisveris,735.33,106
2026-03-05,google,google-arama-generik,1135.30,170
2026-03-05,google,google-arama-marka,724.46,119
2026-03-05,instagram,instagram-kesfet,1239.61,278
2026-03-05,instagram,instagram-retargeting,765.21,175
2026-03-06,google,google-alisveris,664.11,106
2026-03-06,google,google-arama-generik,980.79,155
2026-03-06,google,google-arama-marka,611.48,95
2026-03-06,instagram,instagram-kesfet,1253.37,307
2026-03-06,instagram,instagram-retargeting,1017.90,212
2026-03-07,google,google-alisveris,955.58,134
2026-03-07,google,google-arama-generik,1292.26,191
2026-03-07,google,google-arama-marka,898.04,133
2026-03-07,instagram,instagram-kesfet,768.14,177
2026-03-07,instagram,instagram-retargeting,609.33,151
2026-03-08,google,google-alisveris,575.52,86
2026-03-08,google,google-arama-generik,728.88,115
2026-03-08,google,google-arama-marka,555.68,83
2026-03-08,instagram,instagram-kesfet,1339.87,317
2026-03-08,instagram,instagram-retargeting,1025.23,262
2026-03-09,google,google-alisveris,641.87,102
2026-03-09,google,google-arama-generik,843.38,130
2026-03-09,google,google-arama-marka,550.45,92
2026-03-09,instagram,instagram-kesfet,921.59,230
2026-03-09,instagram,instagram-retargeting,660.04,166
2026-03-10,google,google-alisveris,357.05,51
2026-03-10,google,google-arama-generik,487.29,71
2026-03-10,google,google-arama-marka,317.77,42
2026-03-10,instagram,instagram-kesfet,1529.64,362
2026-03-10,instagram,instagram-retargeting,1037.93,249
2026-03-11,google,google-alisveris,884.77,135
2026-03-11,google,google-arama-generik,1417.49,226
2026-03-11,google,google-arama-marka,1006.46,159
2026-03-11,instagram,instagram-kesfet,1394.23,316
2026-03-11,instagram,instagram-retargeting,869.58,188
2026-03-12,google,google-alisveris,842.39,123
2026-03-12,google,google-arama-generik,1211.62,169
2026-03-12,google,google-arama-marka,799.93,116
2026-03-12,instagram,instagram-kesfet,1534.49,389
2026-03-12,instagram,instagram-retargeting,1018.40,234
2026-03-13,google,google-alisveris,594.16,88
2026-03-13,google,google-arama-generik,834.45,121
2026-03-13,google,google-arama-marka,617.64,99
2026-03-13,instagram,instagram-kesfet,1585.98,397
2026-03-13,instagram,instagram-retargeting,1230.92,262
2026-03-14,google,google-alisveris,764.91,118
2026-03-14,google,google-arama-generik,1050.22,144
2026-03-14,google,google-arama-marka,785.28,116
2026-03-14,instagram,instagram-kesfet,1284.00,299
2026-03-14,instagram,instagram-retargeting,916.78,238
2026-03-15,google,google-alisveris,707.84,103
2026-03-15,google,google-arama-generik,972.99,135
2026-03-15,google,google-arama-marka,681.33,98
2026-03-15,instagram,instagram-kesfet,1480.81,377
2026-03-15,instagram,instagram-retargeting,1087.52,240
2026-03-16,google,google-alisveris,730.45,106
2026-03-16,google,google-arama-generik,946.85,149
2026-03-16,google,google-arama-marka,697.79,101
2026-03-16,instagram,instagram-kesfet,1461.80,299
2026-03-16,instagram,instagram-retargeting,928.37,227
2026-03-17,google,google-alisveris,676.96,94
2026-03-17,google,google-arama-generik,777.87,113
2026-03-17,google,google-arama-marka,599.52,91
2026-03-17,instagram,instagram-kesfet,914.26,219
2026-03-17,instagram,instagram-retargeting,586.61,144
2026-03-18,google,google-alisveris,816.88,109
2026-03-18,google,google-arama-generik,1074.28,161
2026-03-18,google,google-arama-marka,671.01,99
2026-03-18,instagram,instagram-kesfet,1075.26,272
2026-03-18,instagram,instagram-retargeting,806.90,196
2026-03-19,google,google-alisveris,544.35,91
2026-03-19,google,google-arama-generik,814.22,131
2026-03-19,google,google-arama-marka,613.62,88
2026-03-19,instagram,instagram-kesfet,1512.65,356
2026-03-19,instagram,instagram-retargeting,1033.92,221
2026-03-20,google,google-alisveris,888.20,122
2026-03-20,google,google-arama-generik,1142.98,154
2026-03-20,google,google-arama-marka,732.07,103
2026-03-20,instagram,instagram-kesfet,795.02,181
2026-03-20,instagram,instagram-retargeting,497.18,113
2026-03-21,google,google-alisveris,601.57,98
2026-03-21,google,google-arama-generik,792.04,124
2026-03-21,google,google-arama-marka,609.29,95
2026-03-21,instagram,instagram-kesfet,1779.03,399
2026-03-21,instagram,instagram-retargeting,1290.59,327
2026-03-22,google,google-alisveris,763.11,123
2026-03-22,google,google-arama-generik,1077.80,165
2026-03-22,google,google-arama-marka,740.22,109
2026-03-22,instagram,instagram-kesfet,1634.21,396
2026-03-22,instagram,instagram-retargeting,1149.85,238
2026-03-23,google,google-alisveris,443.25,73
2026-03-23,google,google-arama-generik,648.78,99
2026-03-23,google,google-arama-marka,452.07,67
2026-03-23,instagram,instagram-kesfet,774.90,189
2026-03-23,instagram,instagram-retargeting,483.50,107
2026-03-24,google,google-alisveris,643.03,104
2026-03-24,google,google-arama-generik,910.53,152
2026-03-24,google,google-arama-marka,606.04,101
2026-03-24,instagram,instagram-kesfet,1206.88,312
2026-03-24,instagram,instagram-retargeting,903.75,222
2026-03-25,google,google-alisveris,892.41,149
2026-03-25,google,google-arama-generik,1095.35,153
2026-03-25,google,google-arama-marka,824.13,117
2026-03-25,instagram,instagram-kesfet,795.95,176
2026-03-25,instagram,instagram-retargeting,544.36,118
2026-03-26,google,google-alisveris,705.96,114
2026-03-26,google,google-arama-generik,995.60,134
2026-03-26,google,google-arama-marka,673.18,109
2026-03-26,instagram,instagram-kesfet,1103.69,252
2026-03-26,instagram,instagram-retargeting,852.23,198
2026-03-27,google,google-alisveris,836.53,130
2026-03-27,google,google-arama-generik,1113.58,157
2026-03-27,google,google-arama-marka,800.96,112
2026-03-27,instagram,instagram-kesfet,932.83,236
2026-03-27,instagram,instagram-retargeting,621.79,128
2026-03-28,google,google-alisveris,706.52,115
2026-03-28,google,google-arama-generik,988.66,141
2026-03-28,google,google-arama-marka,655.85,107
2026-03-28,instagram,instagram-kesfet,1888.12,414
2026-03-28,instagram,instagram-retargeting,1432.33,332
2026-03-29,google,google-alisveris,538.17,75
2026-03-29,google,google-arama-generik,715.23,118
2026-03-29,google,google-arama-marka,494.57,75
2026-03-29,instagram,instagram-kesfet,1643.46,420
2026-03-29,instagram,instagram-retargeting,1161.10,295
2026-03-30,google,google-alisveris,733.84,120
2026-03-30,google,google-arama-generik,941.02,156
2026-03-30,google,google-arama-marka,708.42,101
2026-03-30,instagram,instagram-kesfet,2016.28,424
2026-03-30,instagram,instagram-retargeting,1503.96,374
2026-03-31,google,google-alisveris,695.57,95
2026-03-31,google,google-arama-generik,979.87,161
2026-03-31,google,google-arama-marka,713.41,110
2026-03-31,instagram,instagram-kesfet,1067.68,270
2026-03-31,instagram,instagram-retargeting,774.83,187
2026-04-01,google,google-alisveris,537.46,89
2026-04-01,google,google-arama-generik,848.67,133
2026-04-01,google,google-arama-marka,568.77,76
2026-04-01,instagram,instagram-kesfet,992.84,233
2026-04-01,instagram,instagram-retargeting,714.62,163
2026-04-02,google,google-alisveris,931.33,141
2026-04-02,google,google-arama-generik,1171.95,180
2026-04-02,google,google-arama-marka,907.37,150
2026-04-02,instagram,instagram-kesfet,1835.88,431
2026-04-02,instagram,instagram-retargeting,1387.62,358
2026-04-03,google,google-alisveris,1183.17,163
2026-04-03,google,google-arama-generik,1681.34,244
2026-04-03,google,google-arama-marka,1001.99,162
2026-04-03,instagram,instagram-kesfet,1386.95,355
2026-04-03,instagram,instagram-retargeting,954.37,248
2026-04-04,google,google-alisveris,1053.14,149
2026-04-04,google,google-arama-generik,1385.15,214
2026-04-04,google,google-arama-marka,975.22,162
2026-04-04,instagram,instagram-kesfet,1603.07,369
2026-04-04,instagram,instagram-retargeting,982.54,240
2026-04-05,google,google-alisveris,804.67,111
2026-04-05,google,google-arama-generik,1105.08,166
2026-04-05,google,google-arama-marka,701.35,117
2026-04-05,instagram,instagram-kesfet,2246.42,582
2026-04-05,instagram,instagram-retargeting,1608.04,378
2026-04-06,eposta,eposta-bahar-bulteni,803.44,849
2026-04-06,google,google-alisveris,875.55,132
2026-04-06,google,google-arama-generik,1215.60,196
2026-04-06,google,google-arama-marka,783.73,128
2026-04-06,instagram,instagram-kesfet,1231.11,309
2026-04-06,instagram,instagram-retargeting,907.46,195
2026-04-07,eposta,eposta-bahar-bulteni,773.27,905
2026-04-07,google,google-alisveris,799.10,112
2026-04-07,google,google-arama-generik,1277.40,215
2026-04-07,google,google-arama-marka,787.37,106
2026-04-07,instagram,instagram-kesfet,1158.27,263
2026-04-07,instagram,instagram-retargeting,708.24,145
2026-04-08,eposta,eposta-bahar-bulteni,842.54,874
2026-04-08,google,google-alisveris,1012.74,169
2026-04-08,google,google-arama-generik,1304.80,214
2026-04-08,google,google-arama-marka,901.33,142
2026-04-08,instagram,instagram-kesfet,1092.19,251
2026-04-08,instagram,instagram-retargeting,786.99,190
2026-04-09,eposta,eposta-bahar-bulteni,698.70,731
2026-04-09,google,google-alisveris,829.71,127
2026-04-09,google,google-arama-generik,1203.31,172
2026-04-09,google,google-arama-marka,697.87,94
2026-04-09,instagram,instagram-kesfet,1489.76,353
2026-04-09,instagram,instagram-retargeting,1083.93,238
2026-04-10,eposta,eposta-bahar-bulteni,726.18,755
2026-04-10,google,google-alisveris,675.62,100
2026-04-10,google,google-arama-generik,975.50,163
2026-04-10,google,google-arama-marka,692.83,107
2026-04-10,instagram,instagram-kesfet,1558.69,357
2026-04-10,instagram,instagram-retargeting,1161.88,290
2026-04-11,eposta,eposta-bahar-bulteni,752.52,893
2026-04-11,google,google-alisveris,682.54,103
2026-04-11,google,google-arama-generik,912.43,153
2026-04-11,google,google-arama-marka,583.20,86
2026-04-11,instagram,instagram-kesfet,2369.99,562
2026-04-11,instagram,instagram-retargeting,1618.45,400
2026-04-12,eposta,eposta-bahar-bulteni,833.79,905
2026-04-12,google,google-alisveris,1186.01,201
2026-04-12,google,google-arama-generik,1673.30,270
2026-04-12,google,google-arama-marka,1000.85,162
2026-04-12,instagram,instagram-kesfet,1742.24,440
2026-04-12,instagram,instagram-retargeting,1310.14,311
2026-04-13,eposta,eposta-bahar-bulteni,775.47,893
2026-04-13,google,google-alisveris,943.13,147
2026-04-13,google,google-arama-generik,1303.44,216
2026-04-13,google,google-arama-marka,848.49,124
2026-04-13,instagram,instagram-kesfet,1782.73,423
2026-04-13,instagram,instagram-retargeting,1232.32,309
2026-04-14,eposta,eposta-bahar-bulteni,883.50,998
2026-04-14,google,google-alisveris,506.64,76
2026-04-14,google,google-arama-generik,705.77,114
2026-04-14,google,google-arama-marka,463.28,68
2026-04-14,instagram,instagram-kesfet,1401.99,323
2026-04-14,instagram,instagram-retargeting,985.32,213
2026-04-15,eposta,eposta-bahar-bulteni,960.89,1106
2026-04-15,google,google-alisveris,870.76,141
2026-04-15,google,google-arama-generik,1260.14,178
2026-04-15,google,google-arama-marka,806.69,135
2026-04-15,instagram,instagram-kesfet,1071.31,272
2026-04-15,instagram,instagram-retargeting,762.92,181
2026-04-16,google,google-alisveris,776.75,126
2026-04-16,google,google-arama-generik,994.19,157
2026-04-16,google,google-arama-marka,652.50,102
2026-04-16,instagram,instagram-kesfet,2125.65,462
2026-04-16,instagram,instagram-retargeting,1719.60,354
2026-04-17,google,google-alisveris,602.56,94
2026-04-17,google,google-arama-generik,829.01,118
2026-04-17,google,google-arama-marka,557.13,91
2026-04-17,instagram,instagram-kesfet,1279.31,280
2026-04-17,instagram,instagram-retargeting,940.31,237
2026-04-18,google,google-alisveris,1166.00,187
2026-04-18,google,google-arama-generik,1473.80,207
2026-04-18,google,google-arama-marka,998.77,166
2026-04-18,instagram,instagram-kesfet,1437.83,317
2026-04-18,instagram,instagram-retargeting,1086.73,231
2026-04-19,google,google-alisveris,928.36,128
2026-04-19,google,google-arama-generik,1351.49,219
2026-04-19,google,google-arama-marka,849.34,141
2026-04-19,instagram,instagram-kesfet,1833.58,418
2026-04-19,instagram,instagram-retargeting,1323.50,337
2026-04-20,google,google-alisveris,459.98,74
2026-04-20,google,google-arama-generik,622.64,86
2026-04-20,google,google-arama-marka,444.77,63
2026-04-20,instagram,instagram-kesfet,1665.75,419
2026-04-20,instagram,instagram-retargeting,1414.03,298
2026-04-21,google,google-alisveris,575.42,78
2026-04-21,google,google-arama-generik,680.66,110
2026-04-21,google,google-arama-marka,481.41,67
2026-04-21,instagram,instagram-kesfet,1589.89,366
2026-04-21,instagram,instagram-retargeting,1152.12,236
2026-04-22,google,google-alisveris,820.92,131
2026-04-22,google,google-arama-generik,1184.47,192
2026-04-22,google,google-arama-marka,851.16,120
2026-04-22,instagram,instagram-kesfet,1043.93,214
2026-04-22,instagram,instagram-retargeting,828.94,173
2026-04-23,google,google-alisveris,739.27,110
2026-04-23,google,google-arama-generik,1025.89,137
2026-04-23,google,google-arama-marka,635.02,94
2026-04-23,instagram,instagram-kesfet,1115.49,244
2026-04-23,instagram,instagram-retargeting,782.43,160
2026-04-24,google,google-alisveris,1369.40,223
2026-04-24,google,google-arama-generik,1776.01,295
2026-04-24,google,google-arama-marka,1244.46,182
2026-04-24,instagram,instagram-kesfet,2652.07,550
2026-04-24,instagram,instagram-retargeting,1801.34,453
2026-04-25,google,google-alisveris,1156.50,187
2026-04-25,google,google-arama-generik,1880.72,292
2026-04-25,google,google-arama-marka,1214.15,176
2026-04-25,instagram,instagram-kesfet,1625.96,417
2026-04-25,instagram,instagram-retargeting,1414.96,331
2026-04-26,google,google-alisveris,882.13,130
2026-04-26,google,google-arama-generik,1188.59,200
2026-04-26,google,google-arama-marka,887.00,126
2026-04-26,instagram,instagram-kesfet,1622.24,390
2026-04-26,instagram,instagram-retargeting,1244.27,302
2026-04-27,google,google-alisveris,838.12,134
2026-04-27,google,google-arama-generik,1034.37,155
2026-04-27,google,google-arama-marka,771.20,124
2026-04-27,instagram,instagram-kesfet,784.05,183
2026-04-27,instagram,instagram-retargeting,613.93,125
2026-04-28,google,google-alisveris,630.99,93
2026-04-28,google,google-arama-generik,850.87,143
2026-04-28,google,google-arama-marka,578.77,89
2026-04-28,instagram,instagram-kesfet,1294.13,299
2026-04-28,instagram,instagram-retargeting,995.85,243
2026-04-29,google,google-alisveris,606.18,91
2026-04-29,google,google-arama-generik,854.24,120
2026-04-29,google,google-arama-marka,573.93,78
2026-04-29,instagram,instagram-kesfet,1610.30,379
2026-04-29,instagram,instagram-retargeting,1047.74,238
2026-04-30,google,google-alisveris,720.91,103
2026-04-30,google,google-arama-generik,1040.58,175
2026-04-30,google,google-arama-marka,657.66,103
2026-04-30,instagram,instagram-kesfet,977.09,205
2026-04-30,instagram,instagram-retargeting,652.71,165
2026-05-01,google,google-alisveris,962.05,154
2026-05-01,google,google-arama-generik,1557.53,227
2026-05-01,google,google-arama-marka,886.80,127
2026-05-01,instagram,instagram-kesfet,2010.39,462
2026-05-01,instagram,instagram-retargeting,1384.32,353
2026-05-02,google,google-alisveris,1113.42,162
2026-05-02,google,google-arama-generik,1739.11,271
2026-05-02,google,google-arama-marka,1069.06,146
2026-05-02,instagram,instagram-kesfet,1490.84,368
2026-05-02,instagram,instagram-retargeting,1176.61,304
2026-05-03,google,google-alisveris,1983.10,277
2026-05-03,google,google-arama-generik,2950.84,453
2026-05-03,google,google-arama-marka,1856.25,250
2026-05-03,instagram,instagram-kesfet,3539.55,870
2026-05-03,instagram,instagram-retargeting,2121.79,437
2026-05-04,google,google-alisveris,1231.75,196
2026-05-04,google,google-arama-generik,1942.03,286
2026-05-04,google,google-arama-marka,1244.90,166
2026-05-04,instagram,instagram-kesfet,1593.48,400
2026-05-04,instagram,instagram-retargeting,1162.82,294
2026-05-05,google,google-alisveris,903.26,140
2026-05-05,google,google-arama-generik,1078.89,153
2026-05-05,google,google-arama-marka,823.10,138
2026-05-05,instagram,instagram-kesfet,1355.43,342
2026-05-05,instagram,instagram-retargeting,939.92,240
2026-05-06,google,google-alisveris,1134.36,192
2026-05-06,google,google-arama-generik,1484.82,251
2026-05-06,google,google-arama-marka,1067.81,144
2026-05-06,instagram,instagram-kesfet,2223.95,486
2026-05-06,instagram,instagram-retargeting,1605.14,414
2026-05-07,google,google-alisveris,420.65,70
2026-05-07,google,google-arama-generik,658.07,90
2026-05-07,google,google-arama-marka,434.60,70
2026-05-07,instagram,instagram-kesfet,1635.36,409
2026-05-07,instagram,instagram-retargeting,1081.59,264
2026-05-08,google,google-alisveris,898.07,137
2026-05-08,google,google-arama-generik,1278.55,177
2026-05-08,google,google-arama-marka,872.62,132
2026-05-08,instagram,instagram-kesfet,1913.46,425
2026-05-08,instagram,instagram-retargeting,1249.97,298
2026-05-09,google,google-alisveris,901.97,149
2026-05-09,google,google-arama-generik,1185.31,196
2026-05-09,google,google-arama-marka,832.13,118
2026-05-09,instagram,instagram-kesfet,2278.27,535
2026-05-09,instagram,instagram-retargeting,1382.20,284
2026-05-10,google,google-alisveris,1239.21,176
2026-05-10,google,google-arama-generik,1589.58,232
2026-05-10,google,google-arama-marka,1138.29,167
2026-05-10,instagram,instagram-kesfet,2443.97,543
2026-05-10,instagram,instagram-retargeting,1731.92,431
2026-05-11,google,google-alisveris,840.26,117
2026-05-11,google,google-arama-generik,1219.57,189
2026-05-11,google,google-arama-marka,838.00,118
2026-05-11,instagram,instagram-kesfet,2293.62,516
2026-05-11,instagram,instagram-retargeting,1577.68,402
2026-05-12,google,google-alisveris,825.90,139
2026-05-12,google,google-arama-generik,1031.25,143
2026-05-12,google,google-arama-marka,787.76,109
2026-05-12,instagram,instagram-kesfet,1953.84,467
2026-05-12,instagram,instagram-retargeting,1312.77,317
2026-05-13,google,google-alisveris,1035.33,150
2026-05-13,google,google-arama-generik,1430.16,237
2026-05-13,google,google-arama-marka,1056.37,174
2026-05-13,instagram,instagram-kesfet,2165.10,538
2026-05-13,instagram,instagram-retargeting,1507.76,310
2026-05-14,google,google-alisveris,860.52,135
2026-05-14,google,google-arama-generik,1293.52,210
2026-05-14,google,google-arama-marka,926.67,152
2026-05-14,instagram,instagram-kesfet,1618.55,352
2026-05-14,instagram,instagram-retargeting,1199.55,275
2026-05-15,google,google-alisveris,1032.09,153
2026-05-15,google,google-arama-generik,1411.01,196
2026-05-15,google,google-arama-marka,934.00,154
2026-05-15,instagram,instagram-kesfet,2510.07,599
2026-05-15,instagram,instagram-retargeting,1587.19,342
2026-05-15,tiktok,tiktok-spark-ads,2191.73,999
2026-05-15,tiktok,tiktok-video-genis-kitle,3412.58,1414
2026-05-16,google,google-alisveris,1067.94,163
2026-05-16,google,google-arama-generik,1645.62,227
2026-05-16,google,google-arama-marka,1106.11,148
2026-05-16,instagram,instagram-kesfet,2688.88,569
2026-05-16,instagram,instagram-retargeting,2177.73,499
2026-05-16,tiktok,tiktok-spark-ads,2024.75,900
2026-05-16,tiktok,tiktok-video-genis-kitle,2987.08,1180
2026-05-17,google,google-alisveris,1377.59,232
2026-05-17,google,google-arama-generik,1868.10,281
2026-05-17,google,google-arama-marka,1246.95,182
2026-05-17,instagram,instagram-kesfet,1646.09,356
2026-05-17,instagram,instagram-retargeting,1035.03,225
2026-05-17,tiktok,tiktok-spark-ads,2350.80,993
2026-05-17,tiktok,tiktok-video-genis-kitle,4017.30,1628
2026-05-18,google,google-alisveris,997.57,165
2026-05-18,google,google-arama-generik,1227.04,202
2026-05-18,google,google-arama-marka,976.18,153
2026-05-18,instagram,instagram-kesfet,1683.18,384
2026-05-18,instagram,instagram-retargeting,1087.30,272
2026-05-18,tiktok,tiktok-spark-ads,2134.77,960
2026-05-18,tiktok,tiktok-video-genis-kitle,3461.85,1299
2026-05-19,google,google-alisveris,706.76,96
2026-05-19,google,google-arama-generik,939.34,142
2026-05-19,google,google-arama-marka,646.60,93
2026-05-19,instagram,instagram-kesfet,1941.29,503
2026-05-19,instagram,instagram-retargeting,1244.58,265
2026-05-19,tiktok,tiktok-spark-ads,2143.06,983
2026-05-19,tiktok,tiktok-video-genis-kitle,3426.79,1474
2026-05-20,google,google-alisveris,489.02,78
2026-05-20,google,google-arama-generik,698.87,118
2026-05-20,google,google-arama-marka,506.93,71
2026-05-20,instagram,instagram-kesfet,1563.92,394
2026-05-20,instagram,instagram-retargeting,985.66,243
2026-05-20,tiktok,tiktok-spark-ads,2190.93,928
2026-05-20,tiktok,tiktok-video-genis-kitle,3709.91,1537
2026-05-21,google,google-alisveris,931.02,125
2026-05-21,google,google-arama-generik,1307.74,183
2026-05-21,google,google-arama-marka,794.38,126
2026-05-21,instagram,instagram-kesfet,1708.58,429
2026-05-21,instagram,instagram-retargeting,1081.93,258
2026-05-21,tiktok,tiktok-spark-ads,2377.97,894
2026-05-21,tiktok,tiktok-video-genis-kitle,3561.11,1380
2026-05-22,google,google-alisveris,1220.11,167
2026-05-22,google,google-arama-generik,1855.60,305
2026-05-22,google,google-arama-marka,1344.92,195
2026-05-22,instagram,instagram-kesfet,1929.15,455
2026-05-22,instagram,instagram-retargeting,1578.76,373
2026-05-22,tiktok,tiktok-spark-ads,2374.91,893
2026-05-22,tiktok,tiktok-video-genis-kitle,4257.16,1992
2026-05-23,google,google-alisveris,1350.06,224
2026-05-23,google,google-arama-generik,1775.12,259
2026-05-23,google,google-arama-marka,1315.56,184
2026-05-23,instagram,instagram-kesfet,1533.53,330
2026-05-23,instagram,instagram-retargeting,1185.04,299
2026-05-23,tiktok,tiktok-spark-ads,2856.40,1162
2026-05-23,tiktok,tiktok-video-genis-kitle,4992.17,1874
2026-05-24,google,google-alisveris,1149.26,158
2026-05-24,google,google-arama-generik,1709.83,237
2026-05-24,google,google-arama-marka,1022.45,149
2026-05-24,instagram,instagram-kesfet,1157.34,297
2026-05-24,instagram,instagram-retargeting,792.37,197
2026-05-24,tiktok,tiktok-spark-ads,2938.24,1115
2026-05-24,tiktok,tiktok-video-genis-kitle,4389.16,1973
2026-05-25,google,google-alisveris,996.17,167
2026-05-25,google,google-arama-generik,1458.05,202
2026-05-25,google,google-arama-marka,869.09,124
2026-05-25,instagram,instagram-kesfet,1834.33,474
2026-05-25,instagram,instagram-retargeting,1270.39,261
2026-05-25,tiktok,tiktok-spark-ads,3053.47,1443
2026-05-25,tiktok,tiktok-video-genis-kitle,5604.81,2475
2026-05-26,google,google-alisveris,1151.92,160
2026-05-26,google,google-arama-generik,1673.31,249
2026-05-26,google,google-arama-marka,1162.92,183
2026-05-26,instagram,instagram-kesfet,1627.57,417
2026-05-26,instagram,instagram-retargeting,1292.52,275
2026-05-26,tiktok,tiktok-spark-ads,2985.34,1343
2026-05-26,tiktok,tiktok-video-genis-kitle,5037.65,2186
2026-05-27,google,google-alisveris,795.29,119
2026-05-27,google,google-arama-generik,1041.33,172
2026-05-27,google,google-arama-marka,680.61,113
2026-05-27,instagram,instagram-kesfet,1282.83,275
2026-05-27,instagram,instagram-retargeting,838.73,185
2026-05-27,tiktok,tiktok-spark-ads,3027.97,1369
2026-05-27,tiktok,tiktok-video-genis-kitle,4812.69,2147
2026-05-28,google,google-alisveris,862.25,145
2026-05-28,google,google-arama-generik,1106.42,181
2026-05-28,google,google-arama-marka,820.96,130
2026-05-28,instagram,instagram-kesfet,2349.46,539
2026-05-28,instagram,instagram-retargeting,1565.31,394
2026-05-28,tiktok,tiktok-spark-ads,3132.78,1225
2026-05-28,tiktok,tiktok-video-genis-kitle,4783.20,2131
2026-05-29,google,google-alisveris,1051.57,150
2026-05-29,google,google-arama-generik,1606.92,249
2026-05-29,google,google-arama-marka,1014.73,169
2026-05-29,instagram,instagram-kesfet,3145.74,696
2026-05-29,instagram,instagram-retargeting,2232.42,510
2026-05-29,tiktok,tiktok-spark-ads,3089.67,1407
2026-05-29,tiktok,tiktok-video-genis-kitle,4536.38,2106
2026-05-30,google,google-alisveris,805.72,122
2026-05-30,google,google-arama-generik,1255.83,196
2026-05-30,google,google-arama-marka,834.68,119
2026-05-30,instagram,instagram-kesfet,1305.66,323
2026-05-30,instagram,instagram-retargeting,935.62,202
2026-05-30,tiktok,tiktok-spark-ads,3174.13,1196
2026-05-30,tiktok,tiktok-video-genis-kitle,5458.52,2406
2026-05-31,google,google-alisveris,897.77,142
2026-05-31,google,google-arama-generik,1429.71,223
2026-05-31,google,google-arama-marka,884.97,138
2026-05-31,instagram,instagram-kesfet,1487.60,343
2026-05-31,instagram,instagram-retargeting,972.73,227
2026-05-31,tiktok,tiktok-spark-ads,3711.03,1521
2026-05-31,tiktok,tiktok-video-genis-kitle,5655.69,2333
2026-06-01,google,google-alisveris,1547.45,231
2026-06-01,google,google-arama-generik,2491.11,420
2026-06-01,google,google-arama-marka,1477.62,206
2026-06-01,instagram,instagram-kesfet,2178.95,536
2026-06-01,instagram,instagram-retargeting,1441.21,301
2026-06-01,tiktok,tiktok-spark-ads,4020.34,1651
2026-06-01,tiktok,tiktok-video-genis-kitle,5487.86,2161
2026-06-02,google,google-alisveris,1199.70,181
2026-06-02,google,google-arama-generik,1502.90,203
2026-06-02,google,google-arama-marka,1004.65,140
2026-06-02,instagram,instagram-kesfet,1909.82,455
2026-06-02,instagram,instagram-retargeting,1319.69,323
2026-06-02,tiktok,tiktok-spark-ads,4237.44,1658
2026-06-02,tiktok,tiktok-video-genis-kitle,6629.75,2828
2026-06-03,google,google-alisveris,1344.38,227
2026-06-03,google,google-arama-generik,1938.32,277
2026-06-03,google,google-arama-marka,1134.02,166
2026-06-03,instagram,instagram-kesfet,1944.01,444
2026-06-03,instagram,instagram-retargeting,1280.07,313
2026-06-03,tiktok,tiktok-spark-ads,4414.64,2074
2026-06-03,tiktok,tiktok-video-genis-kitle,6816.22,2886
2026-06-04,google,google-alisveris,1188.15,169
2026-06-04,google,google-arama-generik,1679.29,269
2026-06-04,google,google-arama-marka,1196.50,163
2026-06-04,instagram,instagram-kesfet,2269.61,546
2026-06-04,instagram,instagram-retargeting,1509.86,374
2026-06-04,tiktok,tiktok-spark-ads,4162.56,1713
2026-06-04,tiktok,tiktok-video-genis-kitle,5693.66,2265
2026-06-05,google,google-alisveris,1759.28,246
2026-06-05,google,google-arama-generik,2129.71,357
2026-06-05,google,google-arama-marka,1390.43,219
2026-06-05,instagram,instagram-kesfet,3133.12,681
2026-06-05,instagram,instagram-retargeting,2144.66,495
2026-06-05,tiktok,tiktok-spark-ads,4609.54,1878
2026-06-05,tiktok,tiktok-video-genis-kitle,6953.90,3203
2026-06-06,google,google-alisveris,2069.80,307
2026-06-06,google,google-arama-generik,2414.38,407
2026-06-06,google,google-arama-marka,1804.98,241
2026-06-06,instagram,instagram-kesfet,2987.47,628
2026-06-06,instagram,instagram-retargeting,2135.51,554
2026-06-06,tiktok,tiktok-spark-ads,4552.37,1847
2026-06-06,tiktok,tiktok-video-genis-kitle,6385.20,2525
2026-06-07,google,google-alisveris,1183.69,159
2026-06-07,google,google-arama-generik,1537.50,224
2026-06-07,google,google-arama-marka,1147.35,164
2026-06-07,instagram,instagram-kesfet,1826.55,393
2026-06-07,instagram,instagram-retargeting,1387.41,306
2026-06-07,tiktok,tiktok-spark-ads,4254.35,1729
2026-06-07,tiktok,tiktok-video-genis-kitle,6591.92,2934
2026-06-08,google,google-alisveris,1448.05,202
2026-06-08,google,google-arama-generik,2204.33,355
2026-06-08,google,google-arama-marka,1285.93,211
2026-06-08,instagram,instagram-kesfet,2708.49,662
2026-06-08,instagram,instagram-retargeting,1798.96,382
2026-06-08,tiktok,tiktok-spark-ads,4130.12,1837
2026-06-08,tiktok,tiktok-video-genis-kitle,7916.34,3356
2026-06-09,google,google-alisveris,1249.21,181
2026-06-09,google,google-arama-generik,1665.11,240
2026-06-09,google,google-arama-marka,1201.32,164
2026-06-09,instagram,instagram-kesfet,2245.04,509
2026-06-09,instagram,instagram-retargeting,1901.28,401
2026-06-09,tiktok,tiktok-spark-ads,4218.09,1793
2026-06-09,tiktok,tiktok-video-genis-kitle,6952.07,2958
2026-06-10,google,google-alisveris,1009.00,162
2026-06-10,google,google-arama-generik,1542.58,210
2026-06-10,google,google-arama-marka,962.71,154
2026-06-10,instagram,instagram-kesfet,2828.01,581
2026-06-10,instagram,instagram-retargeting,1943.29,406
2026-06-10,tiktok,tiktok-spark-ads,5079.25,2097
2026-06-10,tiktok,tiktok-video-genis-kitle,8262.40,3422
2026-06-11,google,google-alisveris,1361.98,203
2026-06-11,google,google-arama-generik,1858.39,284
2026-06-11,google,google-arama-marka,1259.16,211
2026-06-11,instagram,instagram-kesfet,2683.93,693
2026-06-11,instagram,instagram-retargeting,1873.47,413
2026-06-11,tiktok,tiktok-spark-ads,4554.39,2159
2026-06-11,tiktok,tiktok-video-genis-kitle,7448.14,3055
2026-06-12,google,google-alisveris,1648.17,260
2026-06-12,google,google-arama-generik,2578.34,383
2026-06-12,google,google-arama-marka,1553.50,231
2026-06-12,instagram,instagram-kesfet,3213.51,739
2026-06-12,instagram,instagram-retargeting,2332.98,534
2026-06-12,tiktok,tiktok-spark-ads,3850.86,1595
2026-06-12,tiktok,tiktok-video-genis-kitle,6199.67,2824
2026-06-13,google,google-alisveris,2017.57,298
2026-06-13,google,google-arama-generik,3072.99,516
2026-06-13,google,google-arama-marka,1934.75,298
2026-06-13,instagram,instagram-kesfet,3007.66,733
2026-06-13,instagram,instagram-retargeting,2073.31,442
2026-06-13,tiktok,tiktok-spark-ads,4473.85,1945
2026-06-13,tiktok,tiktok-video-genis-kitle,7072.70,2819
2026-06-14,google,google-alisveris,1063.20,170
2026-06-14,google,google-arama-generik,1660.87,273
2026-06-14,google,google-arama-marka,1052.70,165
2026-06-14,instagram,instagram-kesfet,2404.54,615
2026-06-14,instagram,instagram-retargeting,1635.85,345
2026-06-14,tiktok,tiktok-spark-ads,5434.34,2170
2026-06-14,tiktok,tiktok-video-genis-kitle,8061.82,3777
2026-06-15,google,google-alisveris,1524.78,223
2026-06-15,google,google-arama-generik,1981.00,330
2026-06-15,google,google-arama-marka,1281.75,175
2026-06-15,instagram,instagram-kesfet,1980.60,422
2026-06-15,instagram,instagram-retargeting,1458.32,299
2026-06-15,tiktok,tiktok-spark-ads,4366.85,1788
2026-06-15,tiktok,tiktok-video-genis-kitle,7812.50,3081
2026-06-16,google,google-alisveris,1460.56,241
2026-06-16,google,google-arama-generik,2101.33,327
2026-06-16,google,google-arama-marka,1578.57,240
2026-06-16,instagram,instagram-kesfet,1919.39,407
2026-06-16,instagram,instagram-retargeting,1431.39,326
2026-06-16,tiktok,tiktok-spark-ads,5416.91,2294
2026-06-16,tiktok,tiktok-video-genis-kitle,8619.27,3813
2026-06-17,google,google-alisveris,1859.14,312
2026-06-17,google,google-arama-generik,2763.99,383
2026-06-17,google,google-arama-marka,2016.77,319
2026-06-17,instagram,instagram-kesfet,3147.26,755
2026-06-17,instagram,instagram-retargeting,2222.66,499
2026-06-17,tiktok,tiktok-spark-ads,4706.80,1800
2026-06-17,tiktok,tiktok-video-genis-kitle,7934.41,3779
2026-06-18,google,google-alisveris,1465.78,201
2026-06-18,google,google-arama-generik,2161.24,332
2026-06-18,google,google-arama-marka,1548.10,230
2026-06-18,instagram,instagram-kesfet,3629.34,839
2026-06-18,instagram,instagram-retargeting,2469.98,604
2026-06-18,tiktok,tiktok-spark-ads,4970.74,2037
2026-06-18,tiktok,tiktok-video-genis-kitle,7763.69,3384
2026-06-19,google,google-alisveris,798.41,131
2026-06-19,google,google-arama-generik,1277.43,177
2026-06-19,google,google-arama-marka,725.04,116
2026-06-19,instagram,instagram-kesfet,2197.54,532
2026-06-19,instagram,instagram-retargeting,1696.71,381
2026-06-19,tiktok,tiktok-spark-ads,5393.05,2462
2026-06-19,tiktok,tiktok-video-genis-kitle,9218.25,4381
2026-06-20,google,google-alisveris,1764.15,287
2026-06-20,google,google-arama-generik,2315.51,365
2026-06-20,google,google-arama-marka,1522.57,238
2026-06-20,instagram,instagram-kesfet,4103.26,898
2026-06-20,instagram,instagram-retargeting,2952.80,721
2026-06-20,tiktok,tiktok-spark-ads,4995.41,2196
2026-06-20,tiktok,tiktok-video-genis-kitle,8382.00,3885
2026-06-21,google,google-alisveris,2183.27,359
2026-06-21,google,google-arama-generik,2981.32,468
2026-06-21,google,google-arama-marka,1929.43,313
2026-06-21,instagram,instagram-kesfet,2554.03,529
2026-06-21,instagram,instagram-retargeting,1599.26,335
2026-06-21,tiktok,tiktok-spark-ads,5843.37,2739
2026-06-21,tiktok,tiktok-video-genis-kitle,9294.42,4178
2026-06-22,google,google-alisveris,1283.37,190
2026-06-22,google,google-arama-generik,1520.41,208
2026-06-22,google,google-arama-marka,1180.23,160
2026-06-22,instagram,instagram-kesfet,2870.17,737
2026-06-22,instagram,instagram-retargeting,2220.14,557
2026-06-22,tiktok,tiktok-spark-ads,5533.99,2162
2026-06-22,tiktok,tiktok-video-genis-kitle,9906.74,4633
2026-06-23,google,google-alisveris,1425.85,220
2026-06-23,google,google-arama-generik,1880.53,285
2026-06-23,google,google-arama-marka,1306.10,216
2026-06-23,instagram,instagram-kesfet,1556.66,323
2026-06-23,instagram,instagram-retargeting,1240.20,276
2026-06-23,tiktok,tiktok-spark-ads,5945.81,2789
2026-06-23,tiktok,tiktok-video-genis-kitle,11756.76,4951
2026-06-24,google,google-alisveris,1510.34,248
2026-06-24,google,google-arama-generik,2098.09,300
2026-06-24,google,google-arama-marka,1401.62,223
2026-06-24,instagram,instagram-kesfet,2666.58,618
2026-06-24,instagram,instagram-retargeting,1926.48,485
2026-06-24,tiktok,tiktok-spark-ads,6130.72,2520
2026-06-24,tiktok,tiktok-video-genis-kitle,8403.09,3793
2026-06-25,google,google-alisveris,1234.33,200
2026-06-25,google,google-arama-generik,1490.37,231
2026-06-25,google,google-arama-marka,1150.74,190
2026-06-25,instagram,instagram-kesfet,2524.05,602
2026-06-25,instagram,instagram-retargeting,2034.93,503
2026-06-25,tiktok,tiktok-spark-ads,5087.67,1926
2026-06-25,tiktok,tiktok-video-genis-kitle,8413.81,3949
2026-06-26,google,google-alisveris,1190.21,197
2026-06-26,google,google-arama-generik,1708.50,243
2026-06-26,google,google-arama-marka,1189.25,182
2026-06-26,instagram,instagram-kesfet,2022.80,416
2026-06-26,instagram,instagram-retargeting,1569.56,375
2026-06-26,tiktok,tiktok-spark-ads,6099.10,2357
2026-06-26,tiktok,tiktok-video-genis-kitle,10479.61,4193
2026-06-27,google,google-alisveris,1237.82,179
2026-06-27,google,google-arama-generik,1584.45,219
2026-06-27,google,google-arama-marka,1177.93,170
2026-06-27,instagram,instagram-kesfet,3007.20,641
2026-06-27,instagram,instagram-retargeting,2085.01,492
2026-06-27,tiktok,tiktok-spark-ads,5858.43,2368
2026-06-27,tiktok,tiktok-video-genis-kitle,10643.65,4119
2026-06-28,google,google-alisveris,2031.87,338
2026-06-28,google,google-arama-generik,2895.12,438
2026-06-28,google,google-arama-marka,1907.36,258
2026-06-28,instagram,instagram-kesfet,2553.92,563
2026-06-28,instagram,instagram-retargeting,1969.88,445
2026-06-28,tiktok,tiktok-spark-ads,6700.14,2755
2026-06-28,tiktok,tiktok-video-genis-kitle,11198.19,4204
2026-06-29,google,google-alisveris,1286.66,204
2026-06-29,google,google-arama-generik,1680.19,237
2026-06-29,google,google-arama-marka,1143.47,153
2026-06-29,instagram,instagram-kesfet,2247.02,571
2026-06-29,instagram,instagram-retargeting,1608.29,407
2026-06-29,tiktok,tiktok-spark-ads,7026.58,3294
2026-06-29,tiktok,tiktok-video-genis-kitle,12075.73,5354
2026-06-30,google,google-alisveris,1435.62,192
2026-06-30,google,google-arama-generik,1938.69,288
2026-06-30,google,google-arama-marka,1201.44,165
2026-06-30,instagram,instagram-kesfet,2322.01,601
2026-06-30,instagram,instagram-retargeting,1702.92,400
2026-06-30,tiktok,tiktok-spark-ads,5747.42,2166
2026-06-30,tiktok,tiktok-video-genis-kitle,10885.81,4708
2026-07-01,google,google-alisveris,1093.87,150
2026-07-01,google,google-arama-generik,1589.86,263
2026-07-01,google,google-arama-marka,1030.44,155
2026-07-01,instagram,instagram-kesfet,2234.66,471
2026-07-01,instagram,instagram-retargeting,1675.83,390
2026-07-01,tiktok,tiktok-spark-ads,7801.66,3260
2026-07-01,tiktok,tiktok-video-genis-kitle,11128.56,4795
2026-07-02,google,google-alisveris,1659.31,277
2026-07-02,google,google-arama-generik,2195.19,343
2026-07-02,google,google-arama-marka,1547.87,224
2026-07-02,instagram,instagram-kesfet,2414.74,576
2026-07-02,instagram,instagram-retargeting,1720.39,364
2026-07-02,tiktok,tiktok-spark-ads,8151.09,3181
2026-07-02,tiktok,tiktok-video-genis-kitle,12690.29,4815
2026-07-03,google,google-alisveris,1737.35,289
2026-07-03,google,google-arama-generik,2072.07,299
2026-07-03,google,google-arama-marka,1339.61,219
2026-07-03,instagram,instagram-kesfet,2989.00,710
2026-07-03,instagram,instagram-retargeting,2005.46,500
2026-07-03,tiktok,tiktok-spark-ads,7095.35,2809
2026-07-03,tiktok,tiktok-video-genis-kitle,12645.86,5922
2026-07-04,google,google-alisveris,1614.91,251
2026-07-04,google,google-arama-generik,2371.26,388
2026-07-04,google,google-arama-marka,1684.74,253
2026-07-04,instagram,instagram-kesfet,2345.39,542
2026-07-04,instagram,instagram-retargeting,1714.03,381
2026-07-04,tiktok,tiktok-spark-ads,8208.55,3631
2026-07-04,tiktok,tiktok-video-genis-kitle,12323.22,5668
2026-07-05,google,google-alisveris,1268.61,199
2026-07-05,google,google-arama-generik,1905.91,311
2026-07-05,google,google-arama-marka,1101.39,159
2026-07-05,instagram,instagram-kesfet,2909.64,739
2026-07-05,instagram,instagram-retargeting,2061.26,510
2026-07-05,tiktok,tiktok-spark-ads,7412.83,3219
2026-07-05,tiktok,tiktok-video-genis-kitle,12992.35,5199
2026-07-06,google,google-alisveris,1390.16,226
2026-07-06,google,google-arama-generik,1935.70,262
2026-07-06,google,google-arama-marka,1384.93,185
2026-07-06,instagram,instagram-kesfet,2414.19,534
2026-07-06,instagram,instagram-retargeting,1804.92,406
2026-07-06,tiktok,tiktok-spark-ads,6508.27,3093
2026-07-06,tiktok,tiktok-video-genis-kitle,11593.68,4736
2026-07-07,google,google-alisveris,1230.98,207
2026-07-07,google,google-arama-generik,1615.28,272
2026-07-07,google,google-arama-marka,992.09,134
2026-07-07,instagram,instagram-kesfet,1954.33,415
2026-07-07,instagram,instagram-retargeting,1581.74,328
2026-07-07,tiktok,tiktok-spark-ads,7956.69,3517
2026-07-07,tiktok,tiktok-video-genis-kitle,12116.46,5075
2026-07-08,google,google-alisveris,1041.06,158
2026-07-08,google,google-arama-generik,1579.96,228
2026-07-08,google,google-arama-marka,953.17,152
2026-07-08,instagram,instagram-kesfet,2307.10,591
2026-07-08,instagram,instagram-retargeting,1561.36,356
2026-07-08,tiktok,tiktok-spark-ads,6913.82,3149
2026-07-08,tiktok,tiktok-video-genis-kitle,11985.86,5653
2026-07-09,eposta,eposta-kamp-sezonu,1118.56,1241
2026-07-09,google,google-alisveris,1538.65,229
2026-07-09,google,google-arama-generik,2300.35,328
2026-07-09,google,google-arama-marka,1529.69,251
2026-07-09,instagram,instagram-kesfet,1950.56,420
2026-07-09,instagram,instagram-retargeting,1374.31,321
2026-07-09,tiktok,tiktok-spark-ads,6388.35,2507
2026-07-09,tiktok,tiktok-video-genis-kitle,12389.20,5770
2026-07-10,eposta,eposta-kamp-sezonu,1040.62,1029
2026-07-10,google,google-alisveris,1754.33,267
2026-07-10,google,google-arama-generik,2351.29,375
2026-07-10,google,google-arama-marka,1669.26,254
2026-07-10,instagram,instagram-kesfet,3648.85,772
2026-07-10,instagram,instagram-retargeting,3075.37,781
2026-07-10,tiktok,tiktok-spark-ads,7609.36,3022
2026-07-10,tiktok,tiktok-video-genis-kitle,12910.73,5522
2026-07-11,eposta,eposta-kamp-sezonu,964.76,999
2026-07-11,google,google-alisveris,1408.50,205
2026-07-11,google,google-arama-generik,1851.28,260
2026-07-11,google,google-arama-marka,1243.84,192
2026-07-11,instagram,instagram-kesfet,2163.93,450
2026-07-11,instagram,instagram-retargeting,1706.24,378
2026-07-11,tiktok,tiktok-spark-ads,7908.34,3248
2026-07-11,tiktok,tiktok-video-genis-kitle,11891.92,5408
2026-07-12,eposta,eposta-kamp-sezonu,1012.81,1074
2026-07-12,google,google-alisveris,1447.59,230
2026-07-12,google,google-arama-generik,1970.76,282
2026-07-12,google,google-arama-marka,1223.34,200
2026-07-12,instagram,instagram-kesfet,2405.72,534
2026-07-12,instagram,instagram-retargeting,1907.26,418
2026-07-12,tiktok,tiktok-spark-ads,8638.91,3357
2026-07-12,tiktok,tiktok-video-genis-kitle,13683.43,6102
2026-07-13,eposta,eposta-kamp-sezonu,983.05,1215
2026-07-13,google,google-alisveris,992.66,150
2026-07-13,google,google-arama-generik,1299.22,198
2026-07-13,google,google-arama-marka,918.90,127
2026-07-13,instagram,instagram-kesfet,1522.00,317
2026-07-13,instagram,instagram-retargeting,983.35,201
2026-07-13,tiktok,tiktok-spark-ads,7766.69,3319
2026-07-13,tiktok,tiktok-video-genis-kitle,11610.14,5303
2026-07-14,eposta,eposta-kamp-sezonu,1033.55,1081
2026-07-14,google,google-alisveris,1351.08,192
2026-07-14,google,google-arama-generik,2039.76,326
2026-07-14,google,google-arama-marka,1218.69,181
2026-07-14,instagram,instagram-kesfet,3362.60,863
2026-07-14,instagram,instagram-retargeting,2271.92,542
2026-07-14,tiktok,tiktok-spark-ads,8860.04,4114
2026-07-14,tiktok,tiktok-video-genis-kitle,15270.91,6288
2026-07-15,eposta,eposta-kamp-sezonu,1009.28,1201
2026-07-15,google,google-alisveris,1273.30,211
2026-07-15,google,google-arama-generik,1802.32,283
2026-07-15,google,google-arama-marka,1138.75,154
2026-07-15,instagram,instagram-kesfet,2549.11,594
2026-07-15,instagram,instagram-retargeting,2118.43,539
2026-07-15,tiktok,tiktok-spark-ads,8770.81,3360
2026-07-15,tiktok,tiktok-video-genis-kitle,11919.91,5481
2026-07-16,eposta,eposta-kamp-sezonu,1051.20,1171
2026-07-16,google,google-alisveris,1852.31,310
2026-07-16,google,google-arama-generik,2212.46,342
2026-07-16,google,google-arama-marka,1774.13,281
2026-07-16,instagram,instagram-kesfet,2294.43,473
2026-07-16,instagram,instagram-retargeting,1739.30,438
2026-07-16,tiktok,tiktok-spark-ads,8129.86,3645
2026-07-16,tiktok,tiktok-video-genis-kitle,12856.68,5453
2026-07-17,google,google-alisveris,1153.74,182
2026-07-17,google,google-arama-generik,1818.35,308
2026-07-17,google,google-arama-marka,1164.77,166
2026-07-17,instagram,instagram-kesfet,2333.55,565
2026-07-17,instagram,instagram-retargeting,1710.44,407
2026-07-17,tiktok,tiktok-spark-ads,8747.33,3682
2026-07-17,tiktok,tiktok-video-genis-kitle,14810.45,5615
2026-07-18,google,google-alisveris,1671.54,232
2026-07-18,google,google-arama-generik,2063.49,336
2026-07-18,google,google-arama-marka,1441.22,198
2026-07-18,instagram,instagram-kesfet,3378.18,758
2026-07-18,instagram,instagram-retargeting,2556.99,533
2026-07-18,tiktok,tiktok-spark-ads,7795.06,3441
2026-07-18,tiktok,tiktok-video-genis-kitle,13579.14,5368
2026-07-19,google,google-alisveris,1539.64,217
2026-07-19,google,google-arama-generik,2070.62,334
2026-07-19,google,google-arama-marka,1548.84,227
2026-07-19,instagram,instagram-kesfet,2383.55,579
2026-07-19,instagram,instagram-retargeting,1839.37,430
2026-07-19,tiktok,tiktok-spark-ads,8907.33,3418
2026-07-19,tiktok,tiktok-video-genis-kitle,13720.23,5463
2026-07-20,google,google-alisveris,1067.51,167
2026-07-20,google,google-arama-generik,1640.48,241
2026-07-20,google,google-arama-marka,979.06,143
2026-07-20,instagram,instagram-kesfet,2837.64,728
2026-07-20,instagram,instagram-retargeting,1926.04,485
2026-07-20,tiktok,tiktok-spark-ads,8950.15,4043
2026-07-20,tiktok,tiktok-video-genis-kitle,15135.30,6665
2026-07-21,google,google-alisveris,1319.30,193
2026-07-21,google,google-arama-generik,1956.94,305
2026-07-21,google,google-arama-marka,1254.94,206
2026-07-21,instagram,instagram-kesfet,2551.15,648
2026-07-21,instagram,instagram-retargeting,2200.27,550
2026-07-21,tiktok,tiktok-spark-ads,7762.26,3504
2026-07-21,tiktok,tiktok-video-genis-kitle,14266.98,6016
2026-07-22,google,google-alisveris,1328.80,185
2026-07-22,google,google-arama-generik,1939.64,263
2026-07-22,google,google-arama-marka,1177.45,186
2026-07-22,instagram,instagram-kesfet,2673.84,626
2026-07-22,instagram,instagram-retargeting,2158.90,531
2026-07-22,tiktok,tiktok-spark-ads,9945.18,4514
2026-07-22,tiktok,tiktok-video-genis-kitle,15252.74,5759
2026-07-23,google,google-alisveris,1276.48,176
2026-07-23,google,google-arama-generik,1845.89,278
2026-07-23,google,google-arama-marka,1059.52,150
2026-07-23,instagram,instagram-kesfet,2072.29,448
2026-07-23,instagram,instagram-retargeting,1495.89,327
2026-07-23,tiktok,tiktok-spark-ads,7980.80,3644
2026-07-23,tiktok,tiktok-video-genis-kitle,13816.43,6177
2026-07-24,google,google-alisveris,1555.75,260
2026-07-24,google,google-arama-generik,1804.02,258
2026-07-24,google,google-arama-marka,1458.56,204
2026-07-24,instagram,instagram-kesfet,2893.08,613
2026-07-24,instagram,instagram-retargeting,2322.79,603
2026-07-24,tiktok,tiktok-spark-ads,8154.94,3804
2026-07-24,tiktok,tiktok-video-genis-kitle,13652.96,5661
2026-07-25,google,google-alisveris,2180.14,318
2026-07-25,google,google-arama-generik,2704.24,436
2026-07-25,google,google-arama-marka,1834.06,277
2026-07-25,instagram,instagram-kesfet,3297.96,744
2026-07-25,instagram,instagram-retargeting,2048.75,456
2026-07-25,tiktok,tiktok-spark-ads,7921.37,3288
2026-07-25,tiktok,tiktok-video-genis-kitle,14922.61,6125
2026-07-26,google,google-alisveris,1575.83,211
2026-07-26,google,google-arama-generik,1999.87,273
2026-07-26,google,google-arama-marka,1392.86,229
2026-07-26,instagram,instagram-kesfet,1938.89,421
2026-07-26,instagram,instagram-retargeting,1325.34,272
2026-07-26,tiktok,tiktok-spark-ads,8305.25,3435
2026-07-26,tiktok,tiktok-video-genis-kitle,13178.28,4945
2026-07-27,google,google-alisveris,1748.76,266
2026-07-27,google,google-arama-generik,2344.57,339
2026-07-27,google,google-arama-marka,1406.32,233
2026-07-27,instagram,instagram-kesfet,2188.13,562
2026-07-27,instagram,instagram-retargeting,1821.15,391
2026-07-27,tiktok,tiktok-spark-ads,9173.28,3653
2026-07-27,tiktok,tiktok-video-genis-kitle,14173.31,5914
2026-07-28,google,google-alisveris,1245.72,196
2026-07-28,google,google-arama-generik,1742.84,272
2026-07-28,google,google-arama-marka,1223.30,198
2026-07-28,instagram,instagram-kesfet,2224.85,511
2026-07-28,instagram,instagram-retargeting,1479.59,366
2026-07-28,tiktok,tiktok-spark-ads,8081.50,3645
2026-07-28,tiktok,tiktok-video-genis-kitle,14883.14,6080
2026-07-29,google,google-alisveris,1778.81,284
2026-07-29,google,google-arama-generik,2461.19,338
2026-07-29,google,google-arama-marka,1694.74,250
2026-07-29,instagram,instagram-kesfet,1928.64,498
2026-07-29,instagram,instagram-retargeting,1295.57,314
2026-07-29,tiktok,tiktok-spark-ads,11220.34,5198
2026-07-29,tiktok,tiktok-video-genis-kitle,18303.76,6887
2026-07-30,google,google-alisveris,974.04,144
2026-07-30,google,google-arama-generik,1531.42,235
2026-07-30,google,google-arama-marka,980.79,158
2026-07-30,instagram,instagram-kesfet,2139.36,526
2026-07-30,instagram,instagram-retargeting,1474.20,348
2026-07-30,tiktok,tiktok-spark-ads,8910.83,4189
2026-07-30,tiktok,tiktok-video-genis-kitle,14782.08,6709
2026-07-31,google,google-alisveris,1255.89,176
2026-07-31,google,google-arama-generik,1984.09,289
2026-07-31,google,google-arama-marka,1167.05,193
2026-07-31,instagram,instagram-kesfet,2690.98,626
2026-07-31,instagram,instagram-retargeting,1981.26,430
2026-07-31,tiktok,tiktok-spark-ads,9680.90,4337
2026-07-31,tiktok,tiktok-video-genis-kitle,15077.88,6996
2026-08-01,google,google-alisveris,1666.43,243
2026-08-01,google,google-arama-generik,2213.77,370
2026-08-01,google,google-arama-marka,1435.39,242
2026-08-01,instagram,instagram-kesfet,2361.77,583
2026-08-01,instagram,instagram-retargeting,1560.82,364
2026-08-01,tiktok,tiktok-spark-ads,9013.85,4159
2026-08-01,tiktok,tiktok-video-genis-kitle,14738.96,6870
2026-08-02,google,google-alisveris,1668.17,241
2026-08-02,google,google-arama-generik,2674.12,391
2026-08-02,google,google-arama-marka,1762.98,269
2026-08-02,instagram,instagram-kesfet,2698.59,596
2026-08-02,instagram,instagram-retargeting,2089.76,528
2026-08-02,tiktok,tiktok-spark-ads,11816.74,5515
2026-08-02,tiktok,tiktok-video-genis-kitle,17784.85,6937
2026-08-03,google,google-alisveris,1133.19,190
2026-08-03,google,google-arama-generik,1692.97,278
2026-08-03,google,google-arama-marka,1014.25,142
2026-08-03,instagram,instagram-kesfet,2134.82,555
2026-08-03,instagram,instagram-retargeting,1542.79,384
2026-08-03,tiktok,tiktok-spark-ads,11429.09,4816
2026-08-03,tiktok,tiktok-video-genis-kitle,18200.23,7844
2026-08-04,google,google-alisveris,1412.50,198
2026-08-04,google,google-arama-generik,2053.31,320
2026-08-04,google,google-arama-marka,1366.82,190
2026-08-04,instagram,instagram-kesfet,2610.79,631
2026-08-04,instagram,instagram-retargeting,1958.38,468
2026-08-04,tiktok,tiktok-spark-ads,10112.54,4623
2026-08-04,tiktok,tiktok-video-genis-kitle,17379.97,7877
2026-08-05,google,google-alisveris,1766.13,269
2026-08-05,google,google-arama-generik,2244.21,359
2026-08-05,google,google-arama-marka,1630.85,241
2026-08-05,instagram,instagram-kesfet,2137.50,521
2026-08-05,instagram,instagram-retargeting,1622.26,348
2026-08-05,tiktok,tiktok-spark-ads,10429.45,4362
2026-08-05,tiktok,tiktok-video-genis-kitle,15949.73,7549
2026-08-06,google,google-alisveris,2008.22,336
2026-08-06,google,google-arama-generik,2932.94,419
2026-08-06,google,google-arama-marka,1826.64,243
2026-08-06,instagram,instagram-kesfet,3124.63,751
2026-08-06,instagram,instagram-retargeting,2543.16,540
2026-08-06,tiktok,tiktok-spark-ads,10425.35,4660
2026-08-06,tiktok,tiktok-video-genis-kitle,15862.37,7526
2026-08-07,google,google-alisveris,1130.24,179
2026-08-07,google,google-arama-generik,1864.29,299
2026-08-07,google,google-arama-marka,1153.39,189
2026-08-07,instagram,instagram-kesfet,2568.19,615
2026-08-07,instagram,instagram-retargeting,1793.57,432
2026-08-07,tiktok,tiktok-spark-ads,8937.27,3794
2026-08-07,tiktok,tiktok-video-genis-kitle,15226.23,6717
2026-08-08,google,google-alisveris,1670.79,231
2026-08-08,google,google-arama-generik,2325.65,370
2026-08-08,google,google-arama-marka,1509.64,252
2026-08-08,instagram,instagram-kesfet,1770.54,393
2026-08-08,instagram,instagram-retargeting,1258.22,311
2026-08-08,tiktok,tiktok-spark-ads,10248.82,3864
2026-08-08,tiktok,tiktok-video-genis-kitle,16246.36,6627
2026-08-09,google,google-alisveris,2027.30,312
2026-08-09,google,google-arama-generik,2866.58,422
2026-08-09,google,google-arama-marka,1897.70,275
2026-08-09,instagram,instagram-kesfet,2893.21,742
2026-08-09,instagram,instagram-retargeting,1934.82,447
2026-08-09,tiktok,tiktok-spark-ads,9892.62,4255
2026-08-09,tiktok,tiktok-video-genis-kitle,16287.32,6510
2026-08-10,google,google-alisveris,1321.24,200
2026-08-10,google,google-arama-generik,2016.54,271
2026-08-10,google,google-arama-marka,1197.67,167
2026-08-10,instagram,instagram-kesfet,2900.49,747
2026-08-10,instagram,instagram-retargeting,2076.31,520
2026-08-10,tiktok,tiktok-spark-ads,10095.24,4285
2026-08-10,tiktok,tiktok-video-genis-kitle,16776.96,6953
2026-08-11,google,google-alisveris,1246.29,199
2026-08-11,google,google-arama-generik,2073.36,278
2026-08-11,google,google-arama-marka,1201.91,186
2026-08-11,instagram,instagram-kesfet,2036.59,525
2026-08-11,instagram,instagram-retargeting,1482.04,338
2026-08-11,tiktok,tiktok-spark-ads,12417.79,5168
2026-08-11,tiktok,tiktok-video-genis-kitle,19671.54,9022
2026-08-12,google,google-alisveris,1063.83,164
2026-08-12,google,google-arama-generik,1607.24,255
2026-08-12,google,google-arama-marka,1067.35,176
2026-08-12,instagram,instagram-kesfet,2219.10,574
2026-08-12,instagram,instagram-retargeting,1758.03,395
2026-08-12,tiktok,tiktok-spark-ads,10731.24,4115
2026-08-12,tiktok,tiktok-video-genis-kitle,16830.49,7824
2026-08-13,google,google-alisveris,767.88,122
2026-08-13,google,google-arama-generik,1127.05,150
2026-08-13,google,google-arama-marka,765.14,129
2026-08-13,instagram,instagram-kesfet,2304.96,515
2026-08-13,instagram,instagram-retargeting,1812.78,398
2026-08-13,tiktok,tiktok-spark-ads,10895.89,4797
2026-08-13,tiktok,tiktok-video-genis-kitle,19785.15,9350
2026-08-14,google,google-alisveris,1395.38,235
2026-08-14,google,google-arama-generik,2086.80,322
2026-08-14,google,google-arama-marka,1259.87,206
2026-08-14,instagram,instagram-kesfet,2790.05,640
2026-08-14,instagram,instagram-retargeting,2003.34,428
2026-08-14,tiktok,tiktok-spark-ads,10104.41,4589
2026-08-14,tiktok,tiktok-video-genis-kitle,16758.18,6879
2026-08-15,google,google-alisveris,1134.38,189
2026-08-15,google,google-arama-generik,1859.59,308
2026-08-15,google,google-arama-marka,1278.93,214
2026-08-15,instagram,instagram-kesfet,4017.38,1015
2026-08-15,instagram,instagram-retargeting,3172.13,680
2026-08-15,tiktok,tiktok-spark-ads,11367.51,5327
2026-08-15,tiktok,tiktok-video-genis-kitle,16418.62,7360
2026-08-16,google,google-alisveris,1485.83,210
2026-08-16,google,google-arama-generik,2284.85,359
2026-08-16,google,google-arama-marka,1407.07,218
2026-08-16,instagram,instagram-kesfet,2992.21,666
2026-08-16,instagram,instagram-retargeting,2232.80,479
2026-08-16,tiktok,tiktok-spark-ads,10687.70,4737
2026-08-16,tiktok,tiktok-video-genis-kitle,18221.41,8091
2026-08-17,google,google-alisveris,1113.38,185
2026-08-17,google,google-arama-generik,1508.69,254
2026-08-17,google,google-arama-marka,1178.98,180
2026-08-17,instagram,instagram-kesfet,2535.11,526
2026-08-17,instagram,instagram-retargeting,1814.62,390
2026-08-17,tiktok,tiktok-spark-ads,11419.84,4822
2026-08-17,tiktok,tiktok-video-genis-kitle,17778.42,6973
2026-08-18,google,google-alisveris,1502.93,252
2026-08-18,google,google-arama-generik,1768.47,292
2026-08-18,google,google-arama-marka,1309.74,192
2026-08-18,instagram,instagram-kesfet,2644.25,661
2026-08-18,instagram,instagram-retargeting,1817.58,459
2026-08-18,tiktok,tiktok-spark-ads,11362.21,4456
2026-08-18,tiktok,tiktok-video-genis-kitle,16269.11,6198
2026-08-19,google,google-alisveris,1458.30,209
2026-08-19,google,google-arama-generik,1983.73,330
2026-08-19,google,google-arama-marka,1291.97,210
2026-08-19,instagram,instagram-kesfet,2845.01,721
2026-08-19,instagram,instagram-retargeting,2207.67,502
2026-08-19,tiktok,tiktok-spark-ads,11869.59,4516
2026-08-19,tiktok,tiktok-video-genis-kitle,19033.15,8288
2026-08-20,google,google-alisveris,1811.96,285
2026-08-20,google,google-arama-generik,2417.18,402
2026-08-20,google,google-arama-marka,1620.46,226
2026-08-20,instagram,instagram-kesfet,2182.52,528
2026-08-20,instagram,instagram-retargeting,1364.88,282
2026-08-20,tiktok,tiktok-spark-ads,12010.11,4697
2026-08-20,tiktok,tiktok-video-genis-kitle,18929.51,8405
2026-08-21,google,google-alisveris,1792.23,301
2026-08-21,google,google-arama-generik,2836.49,396
2026-08-21,google,google-arama-marka,1950.79,306
2026-08-21,instagram,instagram-kesfet,3006.92,736
2026-08-21,instagram,instagram-retargeting,1963.96,438
2026-08-21,tiktok,tiktok-spark-ads,11831.54,5038
2026-08-21,tiktok,tiktok-video-genis-kitle,18742.83,7308
2026-08-22,google,google-alisveris,1649.69,228
2026-08-22,google,google-arama-generik,2267.10,351
2026-08-22,google,google-arama-marka,1556.58,237
2026-08-22,instagram,instagram-kesfet,4109.90,991
2026-08-22,instagram,instagram-retargeting,3133.43,673
2026-08-22,tiktok,tiktok-spark-ads,11305.84,4382
2026-08-22,tiktok,tiktok-video-genis-kitle,18175.69,7213
2026-08-23,google,google-alisveris,1236.03,200
2026-08-23,google,google-arama-generik,1713.63,284
2026-08-23,google,google-arama-marka,1185.76,172
2026-08-23,instagram,instagram-kesfet,3393.95,857
2026-08-23,instagram,instagram-retargeting,2367.22,489
2026-08-23,tiktok,tiktok-spark-ads,13027.00,5882
2026-08-23,tiktok,tiktok-video-genis-kitle,20250.23,8728
2026-08-24,google,google-alisveris,1343.00,179
2026-08-24,google,google-arama-generik,1683.74,271
2026-08-24,google,google-arama-marka,1150.90,160
2026-08-24,instagram,instagram-kesfet,2340.27,534
2026-08-24,instagram,instagram-retargeting,1566.32,372
2026-08-24,tiktok,tiktok-spark-ads,12891.29,4903
2026-08-24,tiktok,tiktok-video-genis-kitle,21131.59,9724
2026-08-25,google,google-alisveris,1255.70,205
2026-08-25,google,google-arama-generik,1934.29,322
2026-08-25,google,google-arama-marka,1239.40,189
2026-08-25,instagram,instagram-kesfet,2638.96,560
2026-08-25,instagram,instagram-retargeting,1744.15,367
2026-08-25,tiktok,tiktok-spark-ads,10083.59,3802
2026-08-25,tiktok,tiktok-video-genis-kitle,19553.26,8264
2026-08-26,google,google-alisveris,1084.24,177
2026-08-26,google,google-arama-generik,1590.13,215
2026-08-26,google,google-arama-marka,1077.28,157
2026-08-26,instagram,instagram-kesfet,2635.28,605
2026-08-26,instagram,instagram-retargeting,1695.85,374
2026-08-26,tiktok,tiktok-spark-ads,11787.75,4469
2026-08-26,tiktok,tiktok-video-genis-kitle,20437.93,9247
2026-08-27,google,google-alisveris,1865.90,309
2026-08-27,google,google-arama-generik,2585.29,401
2026-08-27,google,google-arama-marka,1595.99,235
2026-08-27,instagram,instagram-kesfet,2321.46,537
2026-08-27,instagram,instagram-retargeting,1847.13,438
2026-08-27,tiktok,tiktok-spark-ads,11773.06,4821
2026-08-27,tiktok,tiktok-video-genis-kitle,18549.83,7725
2026-08-28,google,google-alisveris,1244.40,182
2026-08-28,google,google-arama-generik,1817.22,259
2026-08-28,google,google-arama-marka,1199.72,196
2026-08-28,instagram,instagram-kesfet,1559.10,325
2026-08-28,instagram,instagram-retargeting,1233.55,282
2026-08-28,tiktok,tiktok-spark-ads,12177.12,5391
2026-08-28,tiktok,tiktok-video-genis-kitle,20413.61,8164
2026-08-29,google,google-alisveris,2169.07,292
2026-08-29,google,google-arama-generik,3221.93,466
2026-08-29,google,google-arama-marka,1902.71,261
2026-08-29,instagram,instagram-kesfet,3682.56,827
2026-08-29,instagram,instagram-retargeting,2274.58,550
2026-08-29,tiktok,tiktok-spark-ads,11840.79,5435
2026-08-29,tiktok,tiktok-video-genis-kitle,20750.49,8607
2026-08-30,google,google-alisveris,1755.61,293
2026-08-30,google,google-arama-generik,2147.72,328
2026-08-30,google,google-arama-marka,1715.60,271
2026-08-30,instagram,instagram-kesfet,3100.44,721
2026-08-30,instagram,instagram-retargeting,2163.56,504
2026-08-30,tiktok,tiktok-spark-ads,12865.72,5098
2026-08-30,tiktok,tiktok-video-genis-kitle,20673.10,8981
2026-08-31,google,google-alisveris,2001.87,297
2026-08-31,google,google-arama-generik,2569.04,368
2026-08-31,google,google-arama-marka,1732.07,264
2026-08-31,instagram,instagram-kesfet,2191.78,562
2026-08-31,instagram,instagram-retargeting,1705.34,391
2026-08-31,tiktok,tiktok-spark-ads,12836.24,4930
2026-08-31,tiktok,tiktok-video-genis-kitle,24007.90,9520
